37 mm Gun M1916,1,0,104,1,1
37 mm Semiautomatic Gun M1924,1,1900,65,1,1
Browning MG caliber .50 HB M2,1,2000,70,1,1
37 mm Browning Semiautomatic Gun,2,2200,65,1,1
20 mm Hispano-Suiza Birgikt Gun,2,2600,68,1,1
37 mm AT Gun M3,2,8350,82,1,1
3-inch Gun T9,2,2780,903,1,1
37 mm Gun M5,2,2000,78,1,1
37 mm Gun M6,3,8350,82,1,1
75 mm Howitzer M3,3,5400,138,1,1
75 mm AT Howitzer M3,3,5400,138,1,1
105 mm Howitzer M3,3,12850,433,1,1
105 mm Howitzer M2A1,4,32200,490,1,1
75 mm Howitzer M1A1,4,26000,138,1,1
QF 2-pdr Mk.IX,4,17200,130,1,1
76 mm AT Gun M1918,4,27300,900,1,1
75 mm Gun M2,4,23000,1237,1,1
75 mm Gun M3,4,30000,1437,1,1
75 mm AT Gun M3,4,30000,1437,1,1
QF 6-pdr Mk. III,4,30500,450,1,1
57 mm Gun M1,5,33000,400,1,1
105 mm Howitzer M4,5,40500,517,1,1
3-inch AT Gun M7,5,33500,1450,1,1
105 mm M4,5,40300,2600,1,1
105 mm AT M4,5,40300,2670,1,1
3-inch Gun M7,5,33500,1450,1,1
75 mm Gun M6,5,33350,1450,1,1
105 mm AT Howitzer M3,5,40150,2100,1,1
155 mm Howitzer M1,5,45000,1735,1,1
76 mm AT Gun M1A1,6,50330,1567,1,1
76 mm Gun M1A1,6,50330,1567,1,1
76 mm AT Gun M1A2,6,62000,1590,1,1
76 mm Gun T94,6,64000,1590,1,1
155 mm Gun M1918M1,6,61200,3953,1,1
155 mm Howitzer M45,6,68000,1347,1,1
76 mm Gun M1A2,6,62000,1590,1,1
76 mm Gun T185,6,63000,646,1,1
90 mm AT Gun M3,7,81000,2050,1,1
90 mm Gun M3,7,81000,2050,1,1
155 mm Gun M1A1,7,96500,4352,1,1
90 mm Gun M36,7,88500,2080,1,1
90 mm AT Gun T15E2,8,111900,2050,1,1
105 mm AT Gun T5E1,8,118000,2400,1,1
105 mm Gun T5E1,8,118000,2400,1,1
8-inch Howitzer M1,8,150000,4645,1,1
155 mm Gun M46,8,125000,3264,1,1
90 mm Gun T15E2M2,8,128900,2250,1,1
90 mm Gun T15E2,8,111900,2050,1,1
90 mm Gun T178,8,121000,1075,1,1
90 mm Gun M41,8,95500,2300,1,1
105 mm Gun T140E2,9,170000,2177,1,1
105 mm Gun T5E1M2,9,219000,2400,1,1
120 mm Gun T122,9,230000,2790,1,1
8-inch Howitzer M47,9,240000,2776,1,1
120 mm AT Gun T53,10,250000,2790,1,1
155 mm AT Gun T7,10,335000,3371,1,1
120 mm Gun M58,10,310000,3100,1,1
120 mm Gun T179,10,310000,2849,1,1
105 mm Gun M68,10,325000,2850,1,1
155 mm AT Gun T7E2,10,335000,3371,1,1
240 mm Howitzer M1,10,350000,11380,1,1
OQF 3-pdr Gun Mk. I,1,0,240,2,1
15 mm Machine Gun BESA,1,1900,70,2,1
Q.F. 13-Pr. Mk. III,2,2800,305,2,1
QF 2-pdr AT Gun Mk. IX,2,2000,130,2,1
QF 6-pdr 8 cwt AT Gun Mk. II,2,3000,300,2,1
QF 6-pdr 8 cwt Mk. II,2,3000,300,2,1
OQF 3-pdr Gun Mk. II,2,3100,250,2,1
QF 2-pdr Mk. IX,3,6000,130,2,1
Q.F. 18-Pr.,3,10500,457,2,1
40 mm Pom Pom,4,20000,160,2,1
QF 6-pdr 8 cwt Mk. I,4,25000,450,2,1
QF 40 mm Mk. VI Bofors,4,24000,470,2,1
QF 2-pdr Mk. X,4,3000,130,2,1
OQF 3-inch Howitzer Mk. I,4,30000,116,2,1
QF 6-pdr Mk. III,4,27000,400,2,1
QF 2-pdr Mk. X-B,4,28000,175,2,1
QF 6-pdr 8 cwt AT Gun Mk. I,4,25000,450,2,1
QF 6-pdr AT Gun Mk. II,4,25000,400,2,1
QF 6-pdr AT Gun Mk. III,4,27000,400,2,1
QF 6-pdr AT Gun Mk. IV,4,27000,450,2,1
Q.F. 25-Pr. Gun/How.,4,28500,510,2,1
Q.F. 4.5-in. Howitzer,5,43000,463,2,1
3.7-inch Howitzer,5,35000,393,2,1
3.7-inch AT Howitzer,5,35000,393,2,1
QF 6-pdr Gun Mk. V,5,35000,450,2,1
75 mm Gun Mk. V,5,45000,500,2,1
OQF 25-pdr AT Gun-Howitzer Mark III,5,40000,510,2,1
QF 6-pdr AT Gun Mk. V,5,35000,450,2,1
75 mm AT Gun Mk. V,5,45000,500,2,1
75 mm Vickers HV,6,50000,591,2,1
3-inch 20 cwt AT Gun Mk. III,6,62000,1021,2,1
OQF 77 mm Gun Mk. II,7,50000,681,2,1
OQF 77 mm AT Gun Mk. II,7,62000,681,2,1
OQF 17-pdr Gun Mk. VII,7,60000,826,2,1
OQF 17-pdr AT Gun MK. VII,7,65000,826,2,1
QF 3.7-inch AT Gun,7,72000,1783,2,1
B.L. 5.5-in. Gun,7,88000,1869,2,1
Q.F. 6-in. Gun Mk. V,8,130000,6960,2,1
OQF 32-pdr AT Gun,8,105000,2972,2,1
OQF 20-pdr Type A Barrel,8,120000,1242,2,1
OQF 20-pdr AT Gun Type A Barrel,8,120000,1242,2,1
OQF 20-pdr Type B Barrel,9,180000,1282,2,1
OQF 20-pdr AT Gun Type B Barrel,9,180000,1282,2,1
B.L. 7.2-in. Howitzer Mk. 6,9,230000,7972,2,1
B.L. 9.2-in. Howitzer Mk. II,10,340000,2919,2,1
105 mm Royal Ordnance L7A1,10,290000,1282,2,1
120 mm Gun L1A1,10,300000,2850,2,1
120 mm AT Gun L1A1,10,320000,2850,2,1
183 mm L4,10,335000,5400,2,1
37 cm KwK 36 L/46.5,1,0,100,3,1
2 cm Breda,1,1970,70,3,1
2 cm KwK 38 L/55,1,1920,70,3,1
2 cm KwK 30 L/55,1,2130,70,3,1
2 cm Flak 38 L/112,2,3160,110,3,1
37 cm PaK 38 (t) L/47,2,2730,100,3,1
47 cm PaK 38 (t) L/43,2,3460,100,3,1
5 cm KwK 38 L/42,3,8570,700,3,1
5 cm KwK 39 L/60,3,9970,700,3,1
76 cm PaK 36 (r),4,28900,460,3,1
75 cm StuK 40 L/43,4,25000,1437,3,1
75 cm KwK 37 L/24,4,10450,780,3,1
75 cm KwK 40 L/43,4,25000,1437,3,1
75 cm PaK 40/2 L/46,5,30750,470,3,1
75 cm PaK 39 L/48,5,27380,1520,3,1
105 cm StuH 42 L/28,5,28000,2100,3,1
75 cm KwK 40 L/48,5,27380,1520,3,1
105 cm KwK 42 L/28,5,28000,2100,3,1
75 cm StuK 42 L/70,6,53000,1740,3,1
75 cm KwK 42 L/70,6,53000,1740,3,1
88 cm KwK 36 L/56,7,66000,2050,3,1
88 cm PaK 36 L/56,7,66000,2050,3,1
75/55 cm Waffe 0725,7,18300,720,3,1
88 cm PaK 43 L/71,8,112180,2562,3,1
105 cm PaK 45 L/52,8,116490,3000,3,1
75 cm KwK 45 L/100,8,128570,2100,3,1
88 cm KwK 43 L/71,8,112180,2562,3,1
105 cm KwK 45 L/52,8,116490,3000,3,1
105 cm KwK 46 L/68,9,178500,3600,3,1
88 cm KwK 46 L/100,9,174550,3350,3,1
105 cm KwK 45 L/52 Ausf. B,9,225600,3000,3,1
128 cm PaK 44 L/55,10,310000,3480,3,1
128 cm PaK 44/2 L/61,10,339000,3580,3,1
128 cm KwK 44 L/55,10,310000,3480,3,1
105 cm KwK 45 L/52 Ausf. K,10,225600,3000,3,1
15 cm KwK 44 L/38,10,340000,3650,3,1
17 cm PaK46,10,365000,7680,3,1
15 cm Pak L/63,10,340000,6300,3,1
37 mm APX SA18,1,0,100,4,1
13.2 mm Hotchkiss mle. 1930,1,1500,70,4,1
25 mm AC SA-L mle. 1934,1,3000,70,4,1
25 mm Canon Raccourci mle. 1934,2,2320,71,4,1
25 mm AC SA-L mle. 1937,2,3000,70,4,1
25 mm automatique mle. 1936,2,6500,70,4,1
75 mm Blockhaus Schneider,2,2830,210,4,1
47 mm SA34,2,2400,90,4,1
37 mm SA38,2,1890,70,4,1
47 mm SA-L Mle.37,3,8400,100,4,1
47 mm SA35,3,3250,100,4,1
47 mm SA37,3,4750,100,4,1
75 mm APX mle. 1938,3,22360,1020,4,1
105 mm court mle. 1935 B,3,15100,355,4,1
6-pdr AT Gun Mk. IV,4,25000,450,4,1
75 mm SA32,4,10360,1520,4,1
105 mm court mle. 1934 S,4,37700,450,4,1
105 mm D.E.F.A. 4767 modifié,4,28000,490,4,1
75 mm AC SA44,5,27000,1400,4,1
105 mm AC court mle. 1934 S,5,40700,1700,4,1
105 mm obusier mle. 1950,5,52000,550,4,1
75 mm SA44,5,27000,1400,4,1
Obusier de 155 mm C mle. 1917,5,44920,1220,4,1
75 mm SA49 L48,5,35640,1520,4,1
90 mm D 914,6,61000,1560,4,1
17-pdr AT Gun Mk. II,6,45000,1640,4,1
105 mm AC mle. 1930 S,6,60000,2400,4,1
Canon de 155 mm de 33 calibres,6,65000,2675,4,1
75 mm SA50,6,64200,1740,4,1
76 mm Gun M1A1,6,50330,1567,4,1
Obusier de 155 mm mle. 1950,7,96000,2675,4,1
90 mm DCA 30,7,64000,2050,4,1
90 mm AC canon DCA 30,7,64000,2050,4,1
105 mm Canon 13TR,7,94350,2400,4,1
90 mm F3,7,87000,2200,4,1
Canon de 155 mm mle. 1917 G.P.F.,8,125000,3989,4,1
90 mm AC DCA 45,8,121250,2750,4,1
90 mm DCA 45,8,121250,2750,4,1
100 mm AC SA47,8,127550,3000,4,1
100 mm SA47,8,127550,3000,4,1
Canon de 155 mm,9,225000,4352,4,1
120 mm AC SA46,10,339000,3580,4,1
120 mm SA46,10,339000,3580,4,1
105 mm mle. 57 (D. 1504),10,325000,3000,4,1
155 mm AC SA58,10,375000,5000,4,1
37 mm Hotchkiss,1,0,104,5,1
37 mm B-3,1,1950,77,5,1
20 mm TNSh,1,2380,68,5,1
12.7 mm DShK,1,2000,34,5,1
23 mm PT-23TB,1,2380,70,5,1
23 mm VJa,2,2750,71,5,1
45 mm mod. 1932,2,2000,240,5,1
45 mm 20KS,2,2710,250,5,1
76 mm Regimental Gun mod. 1927,2,2830,230,5,1
45 mm 20K,2,2530,250,5,1
76 mm Gun mod. 1902/30 30 clb,2,4090,389,5,1
76 mm KT-28,2,3580,540,5,1
76 mm Gun mod. 1902/30 40 clb,3,8050,389,5,1
76 mm L-10S,3,10310,641,5,1
37 mm ZiS-19S,3,2750,200,5,1
37 mm ZiS-19,3,4250,200,5,1
76 mm L-10,3,10310,641,5,1
57 mm ZiS-8S,4,22910,400,5,1
45 mm VT-42,4,20540,322,5,1
45 mm VT-43,4,22750,312,5,1
122 mm Howitzer mod. 1910/1930,4,35000,425,5,1
76 mm L-11,4,25990,660,5,1
57 mm ZiS-8,4,22910,400,5,1
76 mm F-32,4,27610,770,5,1
76 mm F-34,4,30550,1155,5,1
76 mm ZiS-3,5,34840,1255,5,1
37 mm automatic SH-37,5,26980,200,5,1
57 mm ZiS-4,5,41480,740,5,1
152 mm mortar NM mod. 1931.,5,48360,425,5,1
76 mm S-54,5,40130,1390,5,1
76 mm ZiS-5,5,33400,1155,5,1
57 mm project 413,5,38000,740,5,1
122 mm U-11,5,45920,1600,5,1
76 mm S-54S,5,39470,1390,5,1
122 mm Howitzer M-30,5,45000,725,5,1
122 mm M-30S,5,42500,1600,5,1
57 mm ZiS-2,6,62210,850,5,1
85 mm D-5S-85A,6,59000,1500,5,1
85 mm LB-2S,6,62600,1550,5,1
85 mm F-30,6,48000,1550,5,1
85 mm D-5S,6,61530,1500,5,1
122 mm howitzer A-19,6,60000,2340,5,1
152 mm howitzer ML-20 mod.31,6,64830,2363,5,1
152 mm Howitzer D-1,6,61000,1559,5,1
85 mm S-31,6,49200,1500,5,1
85 mm D-5T,6,61530,1500,5,1
85 mm ZiS S-53,6,62000,1550,5,1
152 mm M-10,6,60000,2300,5,1
152 mm ML-20 mod. 1931/37,6,49290,2500,5,1
152 mm ML-20S,6,53880,2500,5,1
85 mm D5S-85BM,7,73600,1850,5,1
107 mm ZiS-6,7,68290,2400,5,1
122 mm D-2-5T,7,84980,2600,5,1
100 mm D10S,7,78180,2257,5,1
122 mm D-2-5S,7,84980,2600,5,1
85 mm D5T-85BM,7,73600,1850,5,1
152 mm BR-2,7,92200,5720,5,1
122 mm A-19 mod. 1937,7,94000,2600,5,1
100 mm D-10S mod. 1944,7,83700,2300,5,1
100 mm LB-1C,7,130750,2400,5,1
100 mm D10T,7,78180,2257,5,1
100 mm LB-1,7,130750,2400,5,1
100 mm D10T mod. 1945,7,93700,2300,5,1
152 mm ML-20SM mod. 1944,7,78200,2500,5,1
122 mm D-25 mod. 1944,8,106400,2590,5,1
122 mm D-25T,8,125140,2590,5,1
122 mm D-25-44,8,106370,2600,5,1
122 mm D-49,8,135140,2590,5,1
100 mm M-63,9,210000,2000,5,1
107 mm ZiS-24,9,180000,2840,5,1
122 mm BL-9S,9,178500,2590,5,1
100 mm D-54S,9,140000,2557,5,1
122 mm BL-9,9,178500,2790,5,1
180 mm B-1-P,9,230000,17225,5,1
203 mm B-4,9,235000,5200,5,1
100 mm D-54,9,221000,2557,5,1
100 mm D-10T2S,9,221000,2300,5,1
152 mm BL-10,10,320000,6500,5,1
122 mm M62-C2,10,295500,3397,5,1
122 mm M62-T2,10,335000,3397,5,1
100 mm U-8TS,10,242700,2800,5,1
130 mm S-70A,10,295000,2980,5,1
152 mm M64,10,300000,6500,5,1
130 mm S-70,10,297000,2980,5,1
37 mm Gun APX SA18,1,0,110,6,1
132 mm Hotchkiss mle. 1930,1,1600,38,6,1
37 mm Gun KwK 36 L/46.5,1,1900,100,6,1
47 mm Vickers QF,2,1900,100,6,1
45 mm 20K,2,2530,313,6,1
57mm Type 97,2,3000,150,6,1
37 mm M6,3,8350,84,6,1
40 mm Pom Pom,4,20000,160,6,1
47 mm Type 1,4,21000,350,6,1
76mm F-34,4,30550,538,6,1
57 mm 55-57FG,5,48000,448,6,1
76 mm 54-76T,5,49000,550,6,1
76 mm 54-76T (Autoloader),6,69000,1000,6,1
85 mm S-53,6,61530,1550,6,1
85 mm 56-85JT,6,72000,1750,6,1
85 mm 62-85T,7,75000,1650,6,1
100 mm 44-100JT,7,79000,2257,6,1
85 mm 64-85T,8,89000,1700,6,1
85 mm 64-85TG,8,89000,1750,6,1
100 mm 59-100T,8,102000,2257,6,1
122 mm 37-122JT,8,120000,2440,6,1
122 mm D-25T,8,135000,2590,6,1
100 mm 60-100T,9,180000,2257,6,1
100 mm 62-100T,9,221000,2257,6,1
122 mm 60-122T,10,300000,2757,6,1
122 mm 60-122TG,10,185140,2800,6,1
130 mm 59-130T,10,330000,3090,6,1
37 mm kan m/Škoda,1,0,38,8,1
20 mm akan m/Madsen,2,1940,53,8,1
20 mm akan m/40,2,0,44,8,1
37 mm kan m/38 strv,2,8200,84,8,1
Gun 20 mm wz.38 FK-A,1,0,57,9,1
Gun 47 mm QFSA,2,2350,100,9,1
Cunningham D1,1,0,700,1,2
M2D27810,1,450,700,1,2
T1,1,0,700,1,2
T2D1,1,0,700,1,2
T2T1,1,500,860,1,2
T7 Combat Car,2,0,800,1,2
Cunningham D2,2,200,950,1,2
D37812,2,800,1250,1,2
M2D27812,2,640,800,1,2
M2M19,2,730,950,1,2
T2T2,2,700,950,1,2
D39273,3,2000,1700,1,2
M2M7,3,1580,1350,1,2
M5A1,3,1890,1200,1,2
M22D1,3,0,1000,1,2
M8A1,3,1890,1200,1,2
D51066,4,4800,4800,1,2
M24A1,4,4800,3500,1,2
M8,4,5180,1350,1,2
MTLS D1,4,0,1250,1,2
T1D5,4,4300,7020,1,2
M10T72,4,4400,3700,1,2
T24,4,4500,1700,1,2
T42,4,4000,2640,1,2
T87,4,5180,1550,1,2
D51072,5,11500,5000,1,2
D51072,5,10300,4800,1,2
M47,5,11500,3400,1,2
M6D1,5,10000,8000,1,2
Ram II D1,5,0,4800,1,2
T14,5,0,5020,1,2
T1D6,5,11300,8020,1,2
M18 M34A1,5,9000,2300,1,2
M36T74,5,9000,4500,1,2
M4A2E4D51066,5,0,5000,1,2
M4A2E2T110,5,14120,5400,1,2
M10T72M1,5,10300,4400,1,2
T49,5,10100,3300,1,2
D51080,6,17050,4800,1,2
M6D2,6,18250,8400,1,2
T123,6,15200,8400,1,2
T20D1,6,12900,7000,1,2
T21,6,17050,4500,1,2
T25/2T3,6,16300,4800,1,2
M18 M1,6,16250,4500,1,2
T37,6,15500,3200,1,2
M36T78,6,16100,4800,1,2
M4A2E2D51080,6,17000,4800,1,2
T136,7,25500,9100,1,2
T20D2,7,17400,8400,1,2
T71,7,17400,3000,1,2
T99E2,7,32500,9500,1,2
M26M71,7,21800,8000,1,2
T25/2T7,7,21100,5500,1,2
M89,8,43500,12000,1,2
M46M71,8,28000,8000,1,2
M6A2E1D4,8,0,12000,1,2
T26E4,8,0,11000,1,2
T28P D1,8,32000,6570,1,2
T178,8,46000,7000,1,2
M26M67,8,46000,9700,1,2
T119,9,50500,12200,1,2
T30D1,9,66000,14200,1,2
T34T7,9,0,12800,1,2
T140,9,55000,13600,1,2
T157,9,66000,13500,1,2
M46M67,9,52000,9700,1,2
M60,10,0,8400,1,2
M87,10,66000,8200,1,2
T110E4,10,66000,20000,1,2
T53,10,66000,11000,1,2
T169,10,66000,14500,1,2
Vickers Medium Mk. I,1,0,1360,2,2
Cruiser Mk. I,1,120,2000,2,2
Vickers Medium Mk. II*,1,120,1750,2,2
Cruiser Mk. III,1,120,2250,2,2
A6?1,2,730,1250,2,2
Cruiser Mk. IV,2,730,2650,2,2
A10E1,2,730,2750,2,2
Vickers Medium Mk. IA*,2,500,1750,2,2
Cruiser Mk. III,2,500,2250,2,2
Vickers Medium Mk. II**,2,350,2000,2,2
Cruiser Mk. III*,2,500,2500,2,2
Valentine Mk. I,3,1880,2750,2,2
Mk. IIA,3,2160,5650,2,2
Covenanter I,3,1890,3000,2,2
A6?3,3,1800,1750,2,2
Cruiser Mk. IVA,3,1900,2650,2,2
Cruiser Mk. II,3,1700,2750,2,2
Churchill Mk. I,4,4300,7200,2,2
Crusader Mk. I,4,3980,2953,2,2
Valentine Mk. XI,4,4500,4530,2,2
Mk. IIA*,4,5000,6050,2,2
Covenanter Mk. IV CS,4,5500,3000,2,2
Churchill Mk. IV,5,8350,7500,2,2
Matilda Black Prince,5,0,8800,2,2
Excelsior,5,0,6000,2,2
Churchill Mk. III,5,7500,7500,2,2
Crusader Mk. III,5,11000,3390,2,2
Cromwell Mk. I,6,12500,5000,2,2
Cromwell Mk. IV,6,12840,5000,2,2
Churchill Mk. VII,6,17000,8000,2,2
TOG II,6,0,8000,2,2
Cromwell Mk. IV,6,17500,5000,2,2
Black Prince,7,22500,10000,2,2
Centurion Mk. I,7,15000,8400,2,2
Black Prince,7,26300,10000,2,2
Comet Mk. I,7,20000,7000,2,2
Centurion Mk. III,8,32000,10400,2,2
Centurion Mk. III,8,50500,10400,2,2
Centurion Mk. 7,8,50500,10400,2,2
Centurion Mk. II,8,31000,10400,2,2
Conqueror Mk. II,9,59000,13800,2,2
Centurion Mk. 9,9,61000,10900,2,2
FV215b,10,66000,16500,2,2
FV4202,10,66000,8500,2,2
Leichttraktor,1,0,700,3,2
L.K.A. 2,1,310,600,3,2
L.K.A. 2,2,280,950,3,2
Pz.Kpfw. I Breda,2,1580,600,3,2
Pz.Kpfw. 35 (t),2,560,1000,3,2
Pz.Kpfw. II Ausf. B,2,640,950,3,2
Pz.Kpfw. II Ausf. C,2,720,900,3,2
Pz.Kpfw. III Ausf. A,2,720,800,3,2
Pz.Kpfw. 38H 735 (f),2,0,1000,3,2
Pz.Kpfw. B2 740 (f),2,0,2000,3,2
Pz.Kpfw. 35 (t) verstärkterturm,3,1430,1350,3,2
LT vz. 40,3,1620,1200,3,2
Pz.Kpfw. 38 (t) Ausf. G,3,1720,1200,3,2
Pz.Kpfw. I Breda,3,1580,600,3,2
Pz.Kpfw. I Ausf. C,3,2000,900,3,2
Pz.Kpfw. II Ausf. F,3,1700,950,3,2
Pz.Kpfw. II Ausf. G,3,1900,950,3,2
Pz.Kpfw. III Ausf. E,3,2000,2200,3,2
Pz.Kpfw. III Ausf. F,3,2290,2200,3,2
D.W.-Versuchsturm,3,2200,2750,3,2
Pz.Kpfw. S35 739 (f),3,0,2000,3,2
T-15,3,0,1200,3,2
VK 20.01 (D),3,2500,5100,3,2
Pz.Kpfw. 38 (t) Ausf. G,4,4000,1800,3,2
Pz.Kpfw. 38 (t) n.A.,4,5000,2200,3,2
Luchs 2 cm,4,1580,900,3,2
VK 30.01 (H) 0-Serie,4,5200,3000,3,2
VK 30.01 (H) 0-Serie,4,5130,3000,3,2
PzKpfw-IV-Turm,4,0,3000,3,2
PzKpfw-IV-Turm,4,0,3000,3,2
Pz.Kpfw. III Ausf. L,4,5000,3200,3,2
Pz.Kpfw. III/IV Ausf. A,4,5370,3000,3,2
Pz.Kpfw. III Ausf. M,4,5000,5400,3,2
Pz.Sfl. IVb,4,100,2000,3,2
Pz.Kpfw. II Ausf. J,4,0,2000,3,2
T-25,5,0,3500,3,2
Luchs 5 cm,5,4700,2000,3,2
VK 16.02 Leopard,5,9380,3000,3,2
VK 16.02 Leopard,5,9380,3000,3,2
Pz.Kpfw. IV Hydrostatischer,5,0,3400,3,2
Pz.Kpfw. III/IV Ausf. B,5,11330,4000,3,2
Pz.Kpfw. IV Ausf. G,5,8500,3000,3,2
VK 36.01 (H),5,10260,7680,3,2
VK 36.01 (H),5,9680,7680,3,2
VK 30.02 (M),5,10000,6260,3,2
Pz.Kpfw. III/IV Ausf. B,5,11330,5500,3,2
VK 28.01 Ausf. A,5,4500,3000,3,2
VK 28.01 Ausf. B,6,17500,4000,3,2
VK 28.01 Ausf. C,6,17500,4000,3,2
Pz.Kpfw. IV Ausf. H,6,13240,3600,3,2
Pz.Kpfw. Panther Ausf. G,6,13500,7760,3,2
Tiger (P) Turm Nr. 1,6,20440,8900,3,2
Pz.Kpfw. IV Schmalturm,6,0,8530,3,2
Pz.Kpfw. VI H Ausf. H2,6,14560,8250,3,2
Porsche Typ 100,6,16920,6000,3,2
VK 30.01 (P) Krupp Turm,6,21200,8000,3,2
VK 30.02 Ausf. A,6,17200,7760,3,2
Pz.Kpfw. Panther Schmalturm,7,22300,7745,3,2
Turm-Panther (schmale Blende),7,22100,7500,3,2
Pz.Kpfw. VI H Ausf. H2,7,15820,8250,3,2
Tiger (P) Neuer Turm,7,30150,9500,3,2
VK 30.01 (D),7,19260,6600,3,2
VK 30.02 (D),7,19260,6000,3,2
Panther/M10,7,0,8500,3,2
VK 45.02 (P) Ausf. A,7,18500,11200,3,2
VK 45.02 (P) Ausf. A Schwerer Turm,8,33550,13550,3,2
VK 45.02 (P) Ausf. B,8,31500,13500,3,2
VK 30.02 (D) Schmalturm,8,32570,7745,3,2
Panther II Schmalturm,8,28550,7745,3,2
Pz.Kpfw. Tiger Ausf. E,8,33220,8950,3,2
Tiger II Turm Nr. 1-50,8,28320,9638,3,2
Indien-Panzer,8,29000,9200,3,2
Leopard prototyp A2,8,32700,7018,3,2
E 50 Ausf. A,8,31700,8438,3,2
E 75 Ausf. A,8,28000,10938,3,2
Löwe,8,0,15000,3,2
Tiger II Serienturm,9,52370,10938,3,2
VK 45.02 (P) Ausf. B Schwerer Turm,9,48000,18520,3,2
E 50 Ausf. B,9,52000,10500,3,2
E 75 Ausf. B,9,59500,16520,3,2
Porsche Standardpanzer,9,51500,7218,3,2
Leopard 1,10,66000,7718,3,2
E 50 Ausf. M,10,66000,14100,3,2
E 100,10,66000,58000,3,2
Maus,10,66000,58000,3,2
Waffenträger auf E 100,10,100,10000,3,2
Renault FT Omnibus,1,0,170,4,2
D1 Berliet,1,120,500,4,2
APX R,1,450,900,4,2
AMX 38,2,600,2500,4,2
D2 APX 1,2,780,1000,4,2
Schneider Tourelle 2,2,830,1300,4,2
Renault FT Berliet,2,240,200,4,2
AMX 40,3,1850,2250,4,2
B1 APX 1,3,1950,1700,4,2
D2 APX 4,3,1800,1350,4,2
AMX 12 t,4,4800,1500,4,2
FCM F4,4,4920,3500,4,2
AMX ELC bis,4,4800,500,4,2
Renault-Balland,4,4700,2500,4,2
B1 APX 4,4,5240,2000,4,2
FL 10 Type C,5,10300,2900,4,2
FCM F1,5,8350,7000,4,2
FCM F1,5,10400,6500,4,2
ARL 44,6,20430,6500,4,2
ARL 44,6,14520,4000,4,2
AMX M4 mle. 45,7,20500,6400,4,2
FL 10 Type D,8,25000,2670,4,2
AMX 50 100,8,25000,12800,4,2
FCM 50 t,8,0,9000,4,2
Lorraine 40 t,8,32000,7500,4,2
AMX 50 120,9,60700,15300,4,2
AMX 50 B,10,66000,17500,4,2
Batignolles-Châtillon 25 t,10,37000,5700,4,2
MS-1 mod. 1927,1,0,170,5,2
BT-2,1,440,700,5,2
Tetrarch,1,0,1000,5,2
T-40,1,400,450,5,2
BT-5,2,500,800,5,2
BT-7 mod. 1935,2,750,950,5,2
D37812,2,0,1250,5,2
MS-1 mod. 1930,2,250,240,5,2
T-26 mod. 1936–1937,2,670,850,5,2
T-26,2,840,1000,5,2
T-60,2,570,550,5,2
T-70,2,920,1250,5,2
A-20 mod. 1938.,3,1880,1200,5,2
BT-7 mod. 1937,3,1730,1050,5,2
T-26 mod. 1938,3,1440,1050,5,2
T-28 cylindrical,3,2160,2000,5,2
T-46-1,3,1800,1450,5,2
T-70M,3,1750,2000,5,2
T-80,3,1880,8000,5,2
LTP,3,0,1750,5,2
T-127,3,0,1100,5,2
T-50,3,1820,1200,5,2
SP-3,4,5170,1300,5,2
A-32 mod. 1932,4,0,3200,5,2
BT-SV,4,0,400,5,2
T-28 conical,4,4370,2500,5,2
T-34 mod. 1940,4,3980,3200,5,2
Valentine II,4,0,2000,5,2
Churchill III,5,0,7500,5,2
KV-220 mod. 1,5,0,7020,5,2
KV-220,5,0,7020,5,2
Matilda IV,5,0,3500,5,2
MT-25,5,9900,3250,5,2
KV-1S mod. 1942,5,9900,7020,5,2
T-34 mod. 1942,5,10000,3900,5,2
A-43,5,9500,3750,5,2
KV-1 LKZ mod. 1940,5,9380,7020,5,2
MT-1,5,9380,11050,5,2
T-150-KV,5,9900,7150,5,2
KV-1 ChTZ mod. 1942,5,9900,8220,5,2
IS-85,6,15000,7200,5,2
T-220,6,10630,10000,5,2
KV-85,6,17500,7620,5,2
T-34-85,6,12500,7000,5,2
A-44,6,14500,4250,5,2
A-44,6,12840,4250,5,2
?-43 mod. 1942,6,12840,7000,5,2
KV-13 mod. 1942,6,18100,5370,5,2
MT-2,6,17200,12050,5,2
T-150-220,6,19400,10000,5,2
T-34M mod. 1941,6,16500,3500,5,2
A-44 shielded,7,17300,5170,5,2
IS-122,7,26300,7500,5,2
KV-3,7,21930,12300,5,2
T-34-85 extended,7,15550,7800,5,2
?-43 mod. 1943,7,15300,8400,5,2
KV-5,7,0,21700,5,2
KV-4,7,23450,15400,5,2
KV-13 mod. 1943,7,20500,9700,5,2
Object 416 mod. 1952,7,21000,7000,5,2
Object 416 mod. 1953,8,35000,7000,5,2
Kirovets-1,8,30000,11200,5,2
IS-3,8,31500,11500,5,2
T-44,8,28000,7000,5,2
T-10,8,33680,11000,5,2
Object 701-1,8,33680,13000,5,2
T-54 mod. 1946,8,31400,7500,5,2
KV-4-5,8,31000,24000,5,2
IS-6,8,0,12500,5,2
?-44-100,9,48000,7800,5,2
T-10M,9,66500,11000,5,2
ST-I,9,61000,15200,5,2
T-54 mod. 1949,9,52000,8500,5,2
Object 140,10,52000,8200,5,2
IS-7,10,66000,14200,5,2
T-62A,10,66000,8000,5,2
IS-4M,10,61100,14200,5,2
FT-17,1,0,170,6,2
Vickers Mk. E Type B,1,160,650,6,2
FT-18,2,500,200,6,2
T-26 Model 1936,2,500,1050,6,2
Type 97,2,840,400,6,2
Type 97-Kai,3,1800,1000,6,2
M3A3,3,1890,1020,6,2
M5A1,4,5000,1200,6,2
Type T-34,4,3980,4300,6,2
Type T-34M,5,10000,4500,6,2
T-34-85,5,8500,7800,6,2
131,5,8500,4600,6,2
Type 58,6,16000,7900,6,2
Type 64,6,0,4500,6,2
131-1,6,18000,4600,6,2
T-34-1,6,10000,7000,6,2
132A,6,7800,4750,6,2
IS-2 Early,6,15000,7500,6,2
T-34-1 model 2,7,24000,9300,6,2
132B,7,23000,5000,6,2
Type 62 B,7,0,5000,6,2
IS-2 Late,7,25000,7500,6,2
T-34-2,7,12840,9300,6,2
WZ-131-1,7,16000,5250,6,2
110,7,12000,7000,6,2
Type59 B,8,0,8500,6,2
T-34-2 model 2,8,35000,10793,6,2
WZ-132,8,32000,5500,6,2
T-10,8,33200,11000,6,2
T-34-3,8,0,11000,6,2
WZ-111 model 2,8,0,12000,6,2
WZ-120,8,28000,8500,6,2
112,8,0,12000,6,2
IS-3,8,28000,11500,6,2
WZ-120-2,9,60000,9200,6,2
WZ-111,9,61000,12000,6,2
121,10,66000,10000,6,2
113,10,61100,12000,6,2
Cunningham V-type,1,0,200,1,3
Cunningham V8,2,650,300,1,3
Liberty,2,990,450,1,3
Continental R670-7,3,2000,256,1,3
Continental W-670,3,8200,256,1,3
Continental W-670,3,0,256,1,3
Continental W-670-7,3,5600,256,1,3
Guiberson T-10204,3,500,331,1,3
Guiberson T-1020-4,3,5000,331,1,3
Hercules HXE,3,0,331,1,3
Wright Continental R-975C2,3,9200,549,1,3
Continental W-670 Series 12,3,8200,256,1,3
American LaFrance 312A V-12,4,0,800,1,3
Buick Series 60,4,10400,756,1,3
Continental R-670-5,4,0,256,1,3
Continental R-975-C1,4,10500,500,1,3
Lycoming 0-435t,4,0,256,1,3
Twin Cadillac 42A series,4,10350,530,1,3
Twin Cadillac 42 series,4,10350,530,1,3
Twin Cadillac Series 44T4,4,8100,530,1,3
Wright Continental R-975C1,4,11000,516,1,3
Wright Continental R-975EC2,4,10500,515,1,3
Wright R-975EC2,4,11600,515,1,3
2x44E24 V-8 Cadillac,4,8000,256,1,3
Chrysler A57,5,13900,570,1,3
Continental AOI-628-1,5,14000,498,1,3
Wright Continental R-975C3,5,0,569,1,3
GMC 6046,5,13500,549,1,3
General Motors 6046,5,0,549,1,3
Wright Continental R-975C4,5,13900,550,1,3
Wright G200 M795C9GC1,5,22500,612,1,3
Ford GAA early,6,29000,708,1,3
Ford GAF,6,25300,569,1,3
Ford GAFM2A1,6,34600,569,1,3
Ford GAF T92,6,38700,641,1,3
Ford GAF V8,6,0,569,1,3
Wright G2X M781C9GC1,6,30000,612,1,3
Continental AOI-628-2,7,34000,498,1,3
Continental AOS-895-1,7,38500,256,1,3
Continental AOS-895-3,7,31000,771,1,3
Ford GAA,7,36000,569,1,3
Ford GAZ,7,43500,556,1,3
Ford GAZ,7,0,556,1,3
Ford GAN,7,37200,569,1,3
Wright G200 M781C9GC1,7,47600,612,1,3
Continental AOSI-895-5,8,43000,771,1,3
Continental AV-1790-1,8,45000,569,1,3
Continental AV-1790-3,8,59000,569,1,3
GMC Allison V1710-E32,8,48500,556,1,3
Ford GAC,8,59000,839,1,3
AV-1790-5A,9,99000,569,1,3
Continental AV-1790-3A1,9,0,1057,1,3
Continental AV-1790-5B,9,80000,569,1,3
AOI-1490,10,100000,1200,1,3
Continental AV-1790-2,10,0,2053,1,3
Continental AV-1790-5,10,100000,569,1,3
Continental AV-1790-5C,10,99000,1159,1,3
Continental AV-1790-7B,10,100000,1171,1,3
Continental AV-1790-7C,10,100000,569,1,3
Wright G200 M781 C9GC5,10,0,612,1,3
Armstrong Siddeley V8,1,0,200,2,3
Rolls-Royce Phantom,1,300,340,2,3
Armstrong Siddeley V8 SC,1,350,200,2,3
Ford V8-220,1,100,238,2,3
Ford V8-221,1,200,238,2,3
Ford V8-239,1,350,258,2,3
AEC A189,2,2150,800,2,3
AEC Type 179,2,1200,360,2,3
2x AEC,3,4550,331,2,3
AEC A190,3,2500,800,2,3
2x Armstrong Siddeley,3,4550,400,2,3
2x Leyland E164,3,4000,331,2,3
2x Leyland E165,3,0,331,2,3
Nuffield Liberty Mk. II,3,500,383,2,3
Sunbeam Amazon,3,3000,340,2,3
Meadows H.O.P,3,4000,362,2,3
Meadows H.O.P O.C.,3,4700,362,2,3
GMC 6004 6-71S,4,9000,991,2,3
Meadows D.A.V.,4,9000,724,2,3
Meadows D.A.V. O.C.,4,11200,724,2,3
Nuffield Liberty Mk. III,4,11500,383,2,3
2x Rolls-Royce Phantom II,4,10000,680,2,3
Bedford Twin-Six,4,11000,1531,2,3
Wright Continental R-975C1,4,11580,516,2,3
Wright Continental R-975C4,5,13900,550,2,3
Wright (Continental) R975 EC2,5,0,516,2,3
GMC 6004 6-71A,5,11000,991,2,3
Nuffield Liberty Mk. V,5,11500,383,2,3
Rolls-Royce Meteorite V8,5,12000,496,2,3
Rolls-Royce Meteor M300,5,15000,744,2,3
Rolls-Royce Meteor,5,14000,744,2,3
Rolls-Royce Meteor Mk. IVB,5,16000,744,2,3
Rolls-Royce Meteor Mk. V,5,44000,744,2,3
Paxman 12TP,5,0,3000,2,3
Rolls-Royce Meteor MK. IVB,5,0,744,2,3
Ford GAA,7,13000,708,2,3
Rolls-Royce Meteor M120,9,92000,744,2,3
Rolls-Royce Meteor Mk. IVC,9,84000,744,2,3
Rolls-Royce Griffon,10,100000,952,2,3
Rolls-Royce Meteor M120A,10,50000,744,2,3
Rolls-Royce Meteor Mk. 12,10,50000,744,2,3
Krupp M301,1,0,200,3,3
Krupp M305,1,290,220,3,3
Hotchkiss,1,0,200,3,3
Rolls-Royce I-6,1,145,250,3,3
Krupp M311,2,400,300,3,3
Meadows ESTL,2,200,250,3,3
Maybach HL 57 TR,2,1120,540,3,3
Maybach HL 38 TR,2,700,500,3,3
Praga TNPS,2,1150,350,3,3
Praga TN 100,2,800,340,3,3
Skoda T-11,2,840,320,3,3
Maybach HL 62 TR,3,4220,550,3,3
Maybach HL 62 TRM,3,5000,550,3,3
Maybach HL 45 P,3,5600,500,3,3
Praga EPA/2,3,4220,470,3,3
Praga EPA,3,1250,600,3,3
Scania Vabis 1664,3,4980,400,3,3
Skoda T-15,3,9110,420,3,3
Büssing NAG L8V/GS 36,3,4220,600,3,3
Büssing NAG L8V/GS 39,4,8800,650,3,3
Maybach HL 45 P,4,0,500,3,3
Maybach HL 66 P,4,8650,550,3,3
2 x Maybach HL 66 P,4,12000,1100,3,3
Maybach HL 108 TR R,4,9250,850,3,3
Maybach HL 120 TR R,4,9270,920,3,3
Maybach HL 120 TRM 112 R,4,9500,920,3,3
Maybach HL 116,4,9300,750,3,3
Maybach HL 108 TR,4,9460,450,3,3
Maybach HL 120 TR,4,10430,510,3,3
Maybach HL 120 TRM,4,19900,510,3,3
Maybach HL 120 TRM V12,4,0,510,3,3
Maybach HL 120 TRM 112,4,0,510,3,3
Praga C9,4,0,510,3,3
Praga EPA AC,4,9000,600,3,3
Praga NS,4,9100,600,3,3
Praga Ausf. IV,4,9400,600,3,3
Praga EPA/3,4,10810,470,3,3
Praga NR,4,12300,470,3,3
Praga NRi,4,0,470,3,3
Somua S-40,4,0,400,3,3
Tatra Typ 103,4,9120,500,3,3
Tatra Typ TD 103 P,5,14000,600,3,3
Maybach HL 90,5,16400,550,3,3
Maybach HL 120 TRM R,5,15000,920,3,3
Maybach HL 116 S,5,15200,750,3,3
Maybach HL 110 P30,5,17400,425,3,3
Maybach HL 190,5,16600,1000,3,3
Maybach HL 100,5,17700,550,3,3
Maybach HL 157 P,5,20000,580,3,3
Daimler-Benz MB 809,5,17500,1100,3,3
Renault,5,0,400,3,3
Maybach HL 130 P50,6,26500,600,3,3
Maybach HL 150,6,24000,850,3,3
Maybach HL 174,6,27200,850,3,3
Daimler-Benz MB 503,6,28500,900,3,3
Maybach HL 174,6,26250,670,3,3
2x Porsche Typ 100,6,24850,670,3,3
2x Porsche Typ 100/1,6,29900,670,3,3
2x Porsche Typ 100/1 Ausf. A,6,27500,670,3,3
Argus 12LD330H,7,32000,850,3,3
Maybach HL 210 TRM P30,7,35500,850,3,3
Maybach HL 210 TRM P45,7,35500,850,3,3
Maybach HL 210 P30,7,0,750,3,3
Maybach HL 230 P30,7,0,1200,3,3
2 x Maybach HL 120 TRM,7,35500,1840,3,3
2x Porsche Typ 100/3,7,39850,720,3,3
MB 507,8,54520,900,3,3
Maybach HL 230 P30,8,55000,1400,3,3
Maybach HL 230 TRM P30,8,54000,1200,3,3
Maybach HL 230 TRM P30,8,0,1200,3,3
Maybach HL 230 TRM P45,8,54000,1300,3,3
Maybach HL 234 P30 Ausf. A,8,0,750,3,3
2 x Porsche Typ 101/1,8,54000,1840,3,3
Porsche Deutz Typ 180/2,8,45300,720,3,3
MTU MB 837,8,41000,1500,3,3
MTU MB 837 A,9,65800,1500,3,3
Maybach HL 234 TRM P30,9,88000,1200,3,3
Maybach HL 234 TRM P45,9,88000,1300,3,3
Maybach HL 234 TRM P45,9,92000,1300,3,3
DB 603 A2,10,132000,750,3,3
Maybach Neues Projekt,10,135000,750,3,3
Maybach HL 235,10,123000,750,3,3
MTU MB 838 CaM 500,10,95000,1700,3,3
MTU MB 838 CaM 500A,10,95000,1700,3,3
Renault,1,0,266,4,3
Renault M26/27,1,300,266,4,3
Franklin,1,330,266,4,3
Renault S4,1,310,266,4,3
Renault S4F,1,350,266,4,3
Delahaye 103TT,1,370,266,4,3
Delahaye 135,1,450,266,4,3
Hotchkiss 35,1,400,266,4,3
Renault 85,1,1500,300,4,3
Berliet MDP,1,0,200,4,3
Renault ACL,2,5000,400,4,3
Renault V4,2,480,266,4,3
Aster,2,750,540,4,3
Renault S6,2,700,540,4,3
AMX B 270,3,5100,340,4,3
Aster M,3,4500,600,4,3
Renault S6Bis,3,3500,540,4,3
Somua LM,3,4500,540,4,3
Renault 307,4,0,540,4,3
Renault Naeder-FIEUX,4,10000,540,4,3
Renault BDR,4,11120,540,4,3
Renault T12,4,13000,540,4,3
Somua S-40,4,10420,400,4,3
SOFAM de 150 cv,4,700,340,4,3
MATHIS,5,20000,400,4,3
Renault T14,5,22300,750,4,3
SOFAM 8 Gxb,5,16000,400,4,3
Somua S-40 Bis,5,16100,400,4,3
Maybach HL 230,6,26000,700,4,3
Baudouin 6F 11 SRY,6,27000,400,4,3
Maybach V-12 ACC,6,0,750,4,3
Maybach HL 210 TRM P30,7,35500,850,4,3
Detroit Diesel 6V53T,7,37000,770,4,3
Detroit Diesel 6V53T-S,7,39740,770,4,3
Maybach HL 230 TRM P30,8,54000,1200,4,3
Maybach HL 230 P45F,8,55000,750,4,3
Ford GAC,8,59000,839,4,3
Maybach 850 CV,9,80000,1200,4,3
Maybach HL 234 P45,9,98730,750,4,3
Maybach HL 295,9,78000,750,4,3
Saurer,9,99800,750,4,3
Continental AV-1790-7B,10,100000,1171,4,3
Hispano-Suiza HS 110,10,94250,1426,4,3
Maybach HL 234 P50,10,125000,750,4,3
Maybach HL 295 F,10,123000,750,4,3
MS-1,1,0,266,5,3
GAZ-M1,1,310,215,5,3
AMO-3,1,340,920,5,3
GAZ 202,1,330,360,5,3
T-26,1,770,545,5,3
GAZ-11,2,810,275,5,3
ZiS-16,2,1040,360,5,3
T-26M,2,1230,545,5,3
T-26F,2,1500,545,5,3
AEC3,3,0,400,5,3
AES A190,3,0,800,5,3
GAZ-203,3,3830,550,5,3
GAZ-203F,3,4120,362,5,3
GMC 6004,3,4500,991,5,3
M-80,3,4130,550,5,3
M-80,3,0,550,5,3
V-3,3,4800,540,5,3
Medous MAT,3,0,362,5,3
Continental W-670,4,0,256,5,3
D-744,4,0,500,5,3
M-17FO,4,0,610,5,3
M-17L,4,10770,610,5,3
M-17T,4,13460,610,5,3
M-5-400,4,10230,410,5,3
M-5-400F,4,10000,410,5,3
MT-5-1,4,10200,920,5,3
Maybach HL 120 TRM,4,0,510,5,3
V-4,4,9000,500,5,3
BD-2,5,0,750,5,3
Bedford Twin-Six,5,0,1531,5,3
V-2,5,18750,750,5,3
V-2-34,6,27860,750,5,3
V-2K,6,23050,750,5,3
V-2-34M,6,29500,750,5,3
V-2-10,6,29000,750,5,3
V-2KT,6,0,700,5,3
V-44,6,0,750,5,3
V-5,6,27860,700,5,3
V-2IS,7,36000,750,5,3
V-16,7,36500,750,5,3
V-5F,7,39000,750,5,3
M-17F,7,35000,610,5,3
DG,8,45000,1100,5,3
V-11,8,55270,750,5,3
V-2-44,8,49740,750,5,3
V-2SN,8,34000,750,5,3
V-54K,8,58000,750,5,3
GAM-34-BT,8,0,632,5,3
M-50D,9,0,700,5,3
?-40,9,85000,1250,5,3
V-12-5,9,84000,1024,5,3
V-12-6,9,84200,1024,5,3
V-12 A,9,0,750,5,3
V-12P,9,84000,1024,5,3
V-2-54,9,79290,700,5,3
V-2-54IS,9,79290,700,5,3
V-2K forced,9,59400,750,5,3
2x V-2K-F,9,87500,1500,5,3
V-54-6,9,82300,700,5,3
V-14,9,82300,700,5,3
M-50T,10,132000,700,5,3
V-12,10,128000,1024,5,3
V-16FN,10,84200,1024,5,3
V-55,10,132000,700,5,3
TD-12,10,132000,1000,5,3
Renault M26/27,1,0,266,6,3
Renault 62CV,1,350,266,6,3
Renault NC-2,1,370,266,6,3
Armstrong Siddeley V4,1,770,545,6,3
Franklin,2,800,266,6,3
Mitsubishi Type 97,3,5000,750,6,3
Type 100 V-12 W,4,8600,750,6,3
Type 100 V-12 A,4,10500,750,6,3
Twin Cadillac Series 42,4,10350,530,6,3
Continental R-975-C1,4,10500,516,6,3
V-2,5,18750,750,6,3
Type 102,5,10000,700,6,3
12150L-3,5,17000,700,6,3
V-2-34,6,27860,750,6,3
Continental AOSI-895-5,6,0,862,6,3
Type 102S,7,15000,750,6,3
Type 102S1,7,38000,750,6,3
12150L-3,7,0,700,6,3
12150L,8,48000,750,6,3
8V135,8,43000,740,6,3
NORINCO 12150L,8,0,750,6,3
NORINCO 12150L7,9,0,750,6,3
12150LS,9,0,750,6,3
12150LS,9,99500,750,6,3
12150LT,10,120000,750,6,3
12150L7,10,25000,935,6,3
V-2-54SC,10,25000,1045,6,3
Cunningham E1,1,0,2000,1,4
T18E1,1,270,3000,1,4
Vickers E,1,0,2000,1,4
VVSS T36E6,1,270,3500,1,4
VVSS T16E1,1,330,3300,1,4
T2E1,1,340,4300,1,4
Cunningham E2,2,500,2000,1,4
T16E2,2,0,1800,1,4
T7 Combat Car,2,0,3500,1,4
T18E2,2,580,3000,1,4
VVSS T55E1,2,550,3500,1,4
VVSS T16E2,2,620,3300,1,4
T2E4,2,650,4300,1,4
T82T55E2,2,1850,3000,1,4
T48,2,670,4800,1,4
Stuart E1,2,660,3000,1,4
VVSS T49,2,590,11000,1,4
VVST78,3,0,1200,1,4
T82T55E4,3,740,3000,1,4
T49,3,2100,4800,1,4
Stuart E2,3,1850,3000,1,4
T40T41,3,1850,6200,1,4
VVSS T41,3,1870,5000,1,4
VVS T16,3,1850,3000,1,4
VVSS T16E3,3,1500,3000,1,4
VVSS T51,3,1650,11000,1,4
T85E1,3,1380,10000,1,4
T85E2,4,3900,10000,1,4
T40T48,4,4500,6200,1,4
VVSS T48,4,4650,5000,1,4
T36 E6,4,5850,3000,1,4
VVSS T36E8,4,5050,3000,1,4
T41,4,4450,8000,1,4
VVSS T48,4,4450,4000,1,4
M10T41,4,4300,2000,1,4
M10T41,4,4300,7000,1,4
HVSS T31,4,4050,10600,1,4
M24T91,4,4450,4200,1,4
T72,4,4300,10000,1,4
M4A2E4T42,5,0,8000,1,4
VVSS WE210,5,0,8300,1,4
T42,5,8300,8000,1,4
VVSS T48A,5,8000,4000,1,4
VVSS T48M1A1,5,8300,5300,1,4
T49E2,5,10200,2000,1,4
M10T42,5,10000,7000,1,4
HVSS T35,5,9600,10600,1,4
M24T95,5,9750,4200,1,4
T72E1,5,8700,10000,1,4
M36T41,5,6400,7000,1,4
HVS1,5,9700,15000,1,4
NVSS T66,5,9600,8300,1,4
M18 T67,5,8600,4000,1,4
VVSST48E2,5,9630,8300,1,4
T99E1,5,9750,15000,1,4
M44,6,16500,15000,1,4
MTLS T1,6,0,2000,1,4
T14,6,0,14800,1,4
M36T42,6,22100,7000,1,4
HVS2,6,15900,15000,1,4
NVSS T80,6,16300,8300,1,4
M18 T69,6,17000,4000,1,4
VVSS T48M1A2,6,16000,5300,1,4
VVSST51E2,6,16350,8300,1,4
M12T48,6,14600,11000,1,4
T25T1,6,15000,10200,1,4
HVSS T48,6,11900,5400,1,4
T71,6,15000,4500,1,4
T84E1,6,13400,11500,1,4
M40,7,19070,15000,1,4
HVSS T51,7,17900,5400,1,4
T25/2T1,7,19200,10200,1,4
T25/2T4,7,19200,10200,1,4
T71A1,7,18000,4500,1,4
T84E3,7,22000,11500,1,4
M12T51,7,19700,11000,1,4
M26T80E1,7,16300,10000,1,4
T28VVSS T46,7,16500,12000,1,4
T84E1,7,16300,8000,1,4
T84E1A,7,20200,12000,1,4
T28P E2,7,16000,12000,1,4
T25T2,8,32720,10200,1,4
?26?80?1,8,0,10000,1,4
M6A2E1HVSS,8,0,15000,1,4
T80E3,8,0,10000,1,4
M26T81,8,30250,10000,1,4
T28VVSS T56,8,33300,12000,1,4
T54E1,8,31700,10000,1,4
T84E3A,8,38100,12000,1,4
T28P E4,8,35000,12000,1,4
M46T80E1,8,31700,10000,1,4
T95,8,33000,8000,1,4
T95HVSS,8,29300,18000,1,4
T80E3A,8,42500,10000,1,4
T97E1,8,31500,8000,1,4
M43,8,32000,15000,1,4
T97/T108,8,31000,23000,1,4
M53/M55,9,64000,23000,1,4
M46T81,9,60500,10000,1,4
T54E1M2,9,61000,10000,1,4
T95HVSSM2,9,62500,18000,1,4
T84E38,9,60000,10000,1,4
T97E2,9,61500,8000,1,4
M60,10,0,8000,1,4
T92 T80E1,10,32000,24000,1,4
T97,10,82500,11000,1,4
T97E2,10,82500,8000,1,4
T110E27,10,82500,8000,1,4
T110E4,10,82500,8000,1,4
T110E3,10,82500,8000,1,4
Vickers Medium Mk. I,1,0,3000,2,4
A9 Mk. I,1,330,3000,2,4
Vickers Medium Mk. II,1,330,3500,2,4
Cruiser Mk. III,1,330,4500,2,4
Universal Carrier Mk. I,1,0,1500,2,4
Vickers Medium Mk. IA,2,500,3000,2,4
A9 Mk. II,2,600,3000,2,4
Loyd Carrier Mk. I,1,270,2000,2,4
Loyd Carrier Mk. II,2,550,2000,2,4
Vickers Medium Mk. IIA,2,620,3500,2,4
Cruiser Mk. III*,2,610,4500,2,4
A10 Mk. I,2,670,3000,2,4
Vickers Medium ?6?1,2,670,4000,2,4
Cruiser Mk. IV,2,670,4500,2,4
Universal Carrier Mk. II,2,580,1500,2,4
Sexton,2,600,11000,2,4
Sexton II,3,1900,11000,2,4
Sexton I,3,0,11000,2,4
A10 Mk. II,3,1700,3000,2,4
Vickers Medium A6?3,3,1800,4000,2,4
Cruiser Mk. IVA,3,1900,4500,2,4
Covenanter Mk. I,3,1500,4500,2,4
Valentine Mk. I,3,1420,3200,2,4
Mk. II,3,2270,7200,2,4
Valentine AT Mk. I,3,0,3200,2,4
Valentine AT Mk. II,3,400,3200,2,4
Alecto Mk. I,3,0,1800,2,4
Birch Gun Mk. I,3,2000,6000,2,4
Birch Gun Mk. II,4,4650,6000,2,4
Covenanter Mk. III,4,4200,4500,2,4
Valentine Mk. II,4,4500,6000,2,4
Valentine Mk. VI,4,4700,3200,2,4
Mk. IIA,4,4800,7200,2,4
Churchill Mk. I,4,4050,8150,2,4
Crusader Mk. I,4,2000,6200,2,4
Alecto Mk. IV,4,4700,1800,2,4
AT 2,4,4050,11000,2,4
AT 8,4,13000,11000,2,4
AT 8 Mk. II,4,16000,11000,2,4
Matilda Black Prince,5,0,7200,2,4
Excelsior,5,0,8000,2,4
Bishop,5,8800,6000,2,4
Churchill Mk. III,5,8500,8150,2,4
Crusader Mk. III,5,9500,6200,2,4
A27L,5,4000,6500,2,4
A22,5,8600,8150,2,4
AT 2 Mk. II,5,9000,11000,2,4
Churchill Gun Carrier,5,8600,8150,2,4
FV304,5,9000,8000,2,4
FV304 Mk. II,6,15000,8000,2,4
A27M,6,19000,6500,2,4
A22F,6,18000,8150,2,4
Churchill Gun Carrier Mk. II,6,12860,8150,2,4
A34,6,11690,7000,2,4
Black Prince,6,13000,10000,2,4
AT 7,6,8600,11000,2,4
TOG II,6,0,20000,2,4
Crusader Mk. II,6,15000,9000,2,4
Crusader 5.5-in. SP,7,20000,9000,2,4
A34A,7,18000,7000,2,4
Black Prince Mk. II,7,18000,10000,2,4
Centurion Mk. I,7,20200,10000,2,4
FV221,7,20200,12000,2,4
AT-15A,7,0,12000,2,4
AT 7 Mk. II,7,19000,11000,2,4
AT 15,7,29240,12000,2,4
FV206,7,20000,20000,2,4
FV207,8,35000,20000,2,4
Centurion Mk. III,8,33000,10000,2,4
FV221A,8,30500,12000,2,4
Centurion Mk. 7,8,31500,11000,2,4
AT 15 Mk. II,8,39000,12000,2,4
FV214,8,31500,12000,2,4
Tortoise,8,32324,20000,2,4
FV3805,8,30000,20000,2,4
FV3806,9,62000,20000,2,4
Centurion Mk. 9,9,63000,11000,2,4
FV214A,9,62000,12000,2,4
Tortoise Mk.2,9,63000,20000,2,4
Conqueror Gun Carriage,10,80000,22000,2,4
FV4202,10,82500,8500,2,4
FV215,10,82500,12000,2,4
FV215b,10,82500,12000,2,4
Leichttraktor,1,0,2000,3,4
Pz.Kpfw. II Ausf. A,1,300,2800,3,4
Panzerjäger I,1,280,2000,3,4
Pz.Kpfw. I Ausf. A,1,300,2000,3,4
Light Tank Mk. VIB,1,240,2000,3,4
Pz.Kpfw. 35 (t),1,360,3200,3,4
Leichttraktor verstärkteketten,2,540,2000,3,4
Pz.Kpfw. 38H 735 (f),2,0,3050,3,4
Pz.Kpfw. II Ausf. F,2,600,2900,3,4
Panzerjäger I verstärkteketten,2,570,2000,3,4
Pz.Kpfw. I Ausf. B,2,600,2000,3,4
G.Pz. Mk. VI (e),2,580,2000,3,4
Sturmpanzer I,2,560,2750,3,4
Pz.Kpfw. 35 (t) verstärkteketten,2,630,3200,3,4
Pz.Kpfw. 38 (t) Ausf. E,2,620,3200,3,4
Pz.Kpfw. III Ausf. A,2,660,7000,3,4
Marder II,2,590,3000,3,4
Wespe,2,600,5000,3,4
VK 9.01,2,660,2700,3,4
T-15,3,0,1200,3,4
Pz.Kpfw. S35 739 (f),3,0,5950,3,4
Pz.Kpfw. 38 (t) Ausf. G,3,1620,3200,3,4
Pz.Kpfw. III Ausf. B,3,2050,7000,3,4
D.W.,3,2100,10000,3,4
Marder II verstärkteketten,3,1750,3000,3,4
Wespe verstärkteketten,3,1860,5000,3,4
Sturmpanzer I verstärkteketten,3,1160,2750,3,4
Sturmpanzer II,3,1260,7000,3,4
Jagdpanzer 38 (t),3,1950,2500,3,4
Pz.Kpfw. III Ausf. J,3,1900,7000,3,4
Pz.Kpfw. 38 (t) n.A.,3,1900,3200,3,4
Pz.Sfl. IVb,3,2000,10000,3,4
StuG III Ausf. F,3,1660,5350,3,4
VK 6.01,3,1840,2500,3,4
VK 6.02,3,1840,2500,3,4
Pz.Kpfw. II Ausf. G,3,2160,2700,3,4
Panzerjäger 38 Ausf. H,3,1950,3500,3,4
VK 20.01 (III),3,1900,8000,3,4
VK 20.01 (D),4,4600,8000,3,4
Panzerjäger 38 Ausf. M,4,4400,3500,3,4
Pz.Kpfw. B2 740 (f),4,0,8050,3,4
D.W. 2,4,4800,10000,3,4
Luchs,4,3680,3000,3,4
Jagdpanzer 38 (t) verstärkteketten,4,4370,2500,3,4
Pz.Kpfw. III Ausf. L,4,4650,7000,3,4
Pz.Kpfw. 38 (t) n.A. verstärkteketten,4,3900,3200,3,4
Pz.Kpfw. III/IV,4,4430,5000,3,4
Pz.Kpfw. IV Ausf. G,4,4510,7800,3,4
Pz.Sfl. IVb3,4,8650,10000,3,4
StuG III Ausf. G,4,4740,5850,3,4
Sturmpanzer II verstärkteketten,4,3560,7000,3,4
Grille,4,3600,5000,3,4
Pz.Sfl. IVc,4,5000,7000,3,4
VK 30.01 (H),4,4700,11000,3,4
VK 30.01 (H) verstärkteketten,5,10170,11000,3,4
Pz.Sfl. IVc verstärkteketten,5,8800,7000,3,4
VK 16.02 Leopard,5,4230,6000,3,4
T-25,5,0,4000,3,4
Luchs verstärkteketten,5,9650,3000,3,4
VK 28.01,5,4450,7200,3,4
Pz.Kpfw. III/IV verstärkteketten,5,8310,5000,3,4
Pz.Kpfw. IV Ausf. H,5,7910,7800,3,4
Grille verstärkteketten,5,8600,5000,3,4
Hummel,5,9000,10000,3,4
Pz.Kpfw. IV Schmalturm,5,0,7800,3,4
VK 30.01 (D),5,9250,9000,3,4
Jagdpanzer IV 0-Serie,5,9610,7800,3,4
VK 30.01 (P),5,9380,9050,3,4
VK 30.02 (M),5,9100,15000,3,4
VK 36.01 (H),5,9970,13000,3,4
Nashorn,5,9000,10000,3,4
PzKpfw II Ausf. J,6,0,4200,3,4
Pz.Kpfw. IV Hydrostatischer,6,0,8000,3,4
VK 16.02 Leopard verstärkteketten,6,12740,6000,3,4
VK 28.01 verstärkteketten,6,15000,7200,3,4
VK 30.02 Ausf. A,6,15000,15000,3,4
PzKpfw-V-IV-Ketten,6,0,12050,3,4
PzKpfw-V-IV-Ketten,6,0,12050,3,4
Dicker Max,6,0,5750,3,4
Nashorn verstärkteketten,6,14500,10000,3,4
Aufkl. Panther,6,15000,12500,3,4
VK 30.01 (D) verstärkteketten,6,14500,9000,3,4
Jagdpanzer IV,6,12860,7800,3,4
VK 30.01 (P) verstärkteketten,6,15000,9050,3,4
VK 36.01 (H) verstärkteketten,6,15440,13000,3,4
Hummel verstärkteketten,6,13480,10000,3,4
G.W. Panther,6,16700,15000,3,4
Pz.Kpfw. Panther Ausf. A,6,15000,15000,3,4
Pz.Kpfw. VI H Ausf. H1,6,15000,19000,3,4
Pz.Kpfw. VI Tiger (P),6,15100,18000,3,4
Schwere Betonknacker,6,15000,17000,3,4
E-25,7,0,9000,3,4
Panther/M10,7,0,12500,3,4
Jagdpanther,7,19390,15000,3,4
VK 30.02 (D),7,18000,11000,3,4
Pz.Kpfw. Panther Ausf. G,7,18200,15000,3,4
Pz.Kpfw. Tiger Ausf. E,7,21600,19000,3,4
Pz.Kpfw. VI Tiger (P) verstärkteketten,7,17750,18000,3,4
Pz.Sfl. für 12.8 cm K. 40,7,18500,17000,3,4
G.W. Panther verstärkteketten,7,22070,15000,3,4
G.W. Tiger (P),7,20000,21000,3,4
Aufkl. Panther verstärkteketten,7,18200,12500,3,4
Panther II,7,17400,16500,3,4
B-PS 102,7,17500,10000,3,4
VK 45.02 (P) Ausf. A,7,16550,7600,3,4
Tiger II Vesuchs-Serie,7,20080,22350,3,4
Jagdpanther II,7,18860,16500,3,4
Ferdinand,7,18860,20750,3,4
Rhm.-B. WT,7,20000,6000,3,4
Rhm.-B. WT verstärkteketten,8,31000,6000,3,4
Jagdpanther verstärkteketten,8,32720,15000,3,4
VK 30.02 (D) verstärkteketten,8,33930,11000,3,4
Jagdtiger 88,8,0,18000,3,4
Löwe,8,0,22000,3,4
Indien-Panzer,8,30100,10000,3,4
Panther II verstärkteketten,8,30350,16500,3,4
VK 45.02 (P) Ausf. A verstärkteketten,8,33400,7600,3,4
Tiger II,8,37520,22350,3,4
Jagdpanther II verstärkteketten,8,34200,16500,3,4
Elefant,8,32234,20550,3,4
G.W. Tiger (P) verstärkteketten,8,36000,21000,3,4
G.W. Tiger,8,32000,25000,3,4
E 50,8,32900,15000,3,4
Jagdtiger,8,28100,22350,3,4
E 75,8,28000,22350,3,4
VK 45.02(P) Ausf. B,8,31500,19000,3,4
Waffenträger auf Pz. IV für 12.8 cm,8,30000,12000,3,4
Leopard Prototyp A1,8,32200,10000,3,4
Leopard Prototyp A2,9,61750,10000,3,4
Waffenträger auf Pz. IV für 15 cm,9,61000,12000,3,4
E 50 verstärkteketten,9,62900,15000,3,4
Jagdtiger verstärkteketten,9,62000,22350,3,4
E 75 verstärkteketten,9,60150,22350,3,4
VK 45.02(P) Ausf. B verstärkteketten,9,60000,19000,3,4
G.W. Tiger verstärkteketten,9,60800,25000,3,4
Leopard 1,10,82500,10000,3,4
E 50 Ausf. M,10,82500,9000,3,4
E 100,10,82500,30000,3,4
Maus,10,82500,37250,3,4
G.W. E 100,10,36000,42000,3,4
Jagdpanzer E 100,10,82500,30000,3,4
Waffenträger auf E 100,10,82500,42000,3,4
M17,1,0,1200,4,4
Renault FT AC,1,240,1200,4,4
Renault FT 75 BS,1,250,2200,4,4
D1,1,340,1200,4,4
H35,1,250,3000,4,4
M26/27,2,560,1200,4,4
Renault FT AC bis,2,560,1200,4,4
Renault FT 75 BS bis,2,560,2200,4,4
D1 bis,2,620,1200,4,4
H39,2,560,3000,4,4
AMX 38 1er prototype,2,500,3000,4,4
D2,2,540,5000,4,4
Renault UE,2,440,500,4,4
Lorraine 39L AM,2,590,2700,4,4
AMX 105 AM mle. 47,3,2100,4000,4,4
FCM 36 Pak 40,3,0,2000,4,4
AMX 38 série,3,1850,3000,4,4
D2 bis,3,1800,5000,4,4
Renault UE bis,3,1800,500,4,4
Lorraine 39L AM bis,3,1730,2700,4,4
Somua SAu 40,3,1660,5350,4,4
AMX 40,3,1750,4200,4,4
B1,3,1900,8050,4,4
leFH18B2,4,0,8050,4,4
Somua SAu 40 bis,4,4760,5350,4,4
AMX 40 bis,4,4750,4200,4,4
AMX 105 AM mle. 47 modifié,4,4800,4000,4,4
B1 bis,4,4680,8050,4,4
AMX ELC,4,4200,1500,4,4
BDR G1 B,4,4050,8000,4,4
S35 CA,4,4660,5350,4,4
AMX 13 105 AM mle. 49,4,3600,4000,4,4
AMX 13 105 AM mle. 55,5,9000,4000,4,4
AMX ELC bis,5,9510,1500,4,4
BDR G1 B bis,5,10550,8000,4,4
S35 CA bis,5,7660,5350,4,4
AMX 13 F3 AM,5,8600,3800,4,4
AMX 12 t 1er prototype,5,10000,3200,4,4
ARL V39,5,9100,8500,4,4
ARL 44,5,8600,14200,4,4
AMX 13 Type 1R,5,7350,1500,4,4
AMX 12 t 2e prototype,6,16250,3200,4,4
ARL V39 bis,6,16890,8500,4,4
ARL 44 bis,6,15420,14200,4,4
AMX 13 F3 AM bis,6,13300,3800,4,4
Lorraine 155 mle. 50,6,14600,14000,4,4
AMX AC mle. 46,6,18860,11000,4,4
AMX M4 mle. 45,6,9550,8000,4,4
AMX 13 Type 2R,6,9250,1400,4,4
AMX 13 Type 2A,7,19540,1500,4,4
Lorraine 155 mle. 50 bis,7,21000,14000,4,4
AMX AC mle. 47,7,26260,11000,4,4
AMX M4 mle. 45 bis,7,18500,8000,4,4
Lorraine 155 mle. 51,7,20080,15000,4,4
AMX M4 mle. 50,7,16450,11000,4,4
AMX AC mle. 48,7,18860,11000,4,4
Lorraine 40 t,7,16300,7700,4,4
AMX 13 Type 2D,8,26000,1400,4,4
AMX 50 100,8,37250,11000,4,4
Lorraine 155 mle. 51 bis,8,33000,15000,4,4
AMX AC mle. 49,8,29500,11000,4,4
Batignolles-Châtillon 155 mle. 55,8,30000,24000,4,4
Lorraine 40 t bis,8,68000,7700,4,4
AMX 50 120,8,31200,11000,4,4
FCM 50 t,8,0,10000,4,4
AMX 50 Foch,8,27650,11000,4,4
AMX 50 120 bis,9,66500,11000,4,4
AMX 50 Foch bis,9,64000,11000,4,4
Batignolles-Châtillon 155 mle. 56,9,61000,24000,4,4
Batignolles-Châtillon 155 mle. 58,10,36000,12000,4,4
Batignolles-Châtillon 25 t,10,68200,4100,4,4
AMX 50 B,10,82500,11000,4,4
AMX 50 Foch (155),10,82500,11000,4,4
MS-1,1,0,1200,5,4
SU-18,1,270,1200,5,4
T-26,1,340,1880,5,4
T-60,1,250,2000,5,4
T-18,2,480,1200,5,4
Tetrarch,2,0,1000,5,4
AT-1,2,560,1550,5,4
SU-18 Bis,2,540,1200,5,4
SU-26,2,680,1880,5,4
BT-2,2,260,3300,5,4
BT-5,2,520,3300,5,4
T-26M,2,680,1880,5,4
Stuart E1,2,0,3000,5,4
SU-76,2,580,3000,5,4
T-60 enhanced,2,550,2000,5,4
BT-5,2,600,4000,5,4
T-46,2,660,4200,5,4
T-70,2,600,2400,5,4
SU-26 Bis,3,1800,1880,5,4
AT-1 Bis,3,1790,1550,5,4
LTP,3,0,3000,5,4
T-127,3,0,3200,5,4
BT-SV,3,0,2000,5,4
SU-76M,3,1730,3000,5,4
SU-5,3,1800,1880,5,4
BT-7,3,1700,4000,5,4
T-46-1,3,1840,4200,5,4
T-70 enhanced,3,1730,2400,5,4
SU-85A,3,1800,3000,5,4
A-20 mod. 1938,3,1420,5000,5,4
T-28,3,2270,5160,5,4
T-50,3,1700,2000,5,4
T-80,3,1720,2500,5,4
Valentine Mk. II,4,0,4000,5,4
SU-85B,4,4510,3000,5,4
A-20 mod. 1941,4,3580,5000,5,4
T-28A,4,5250,5300,5,4
SU-5 Bis,4,4750,1880,5,4
SU-122A,4,4510,3000,5,4
T-50M,4,4750,2000,5,4
T-80 enhanced,4,3980,2000,5,4
T-34 mod. 1941,4,2680,8000,5,4
KV-1 mod. 1940,4,4020,10600,5,4
SU-85-II,4,3800,7600,5,4
KV-2 Mod. 40,4,4020,10600,5,4
A-32,5,0,5000,5,4
Churchill,5,0,9000,5,4
Matilda II,5,0,7000,5,4
T-34 mod. 1943,5,7960,8000,5,4
KV-1 mod. 1941,5,9550,10600,5,4
SU-85,5,8640,7600,5,4
SU-122A enhanced,5,8500,3000,5,4
SU-8,5,8500,5160,5,4
T-150,5,10720,10600,5,4
KV-1S,5,9100,11500,5,4
SU-100,5,9100,8500,5,4
T-34-85,5,7730,7800,5,4
MT-25,5,9000,8000,5,4
A-43 variant A,5,8300,9000,5,4
KV-220,6,0,15000,5,4
KV-220,6,0,15000,5,4
SU-85I,6,0,7600,5,4
SU-8 Bis,6,13600,5160,5,4
MT-25 reinforced,6,15000,8000,5,4
A-43 variant B,6,14100,9000,5,4
T-150M,6,16400,10600,5,4
KV-1S Bis,6,15390,11500,5,4
SU-100-60,6,16830,8500,5,4
T-34-85-60,6,9500,7800,5,4
KV-2 Mod. 41,6,15900,10600,5,4
SU-14,6,14000,15000,5,4
S-51,6,14600,12500,5,4
T-43,6,11690,6400,5,4
KV-13,6,12250,8000,5,4
KV-3,6,10720,14200,5,4
IS-1,6,12990,11500,5,4
A-44,6,12700,12000,5,4
A-44 enhanced,7,17700,12000,5,4
SU-122-44,7,0,7700,5,4
SU-152,7,20090,12000,5,4
T-43 mod. 1943,7,17720,6400,5,4
SU-100M1,7,9000,8500,5,4
KV-13M,7,17050,8000,5,4
KV-3 bis,7,18200,14200,5,4
IS-2M,7,18080,11500,5,4
S-51 Bis,7,19800,12500,5,4
SU-14-1,7,18500,15000,5,4
SU-14-2,7,20000,15000,5,4
KV-5,7,0,12000,5,4
T-44,7,16070,7700,5,4
KV-4,7,17780,20000,5,4
ISU-152,7,22040,12000,5,4
SU-101,7,22200,8500,5,4
IS-3,7,17780,10000,5,4
Object 416 mod. 1952,7,16000,7000,5,4
Object 416 mod. 1953,8,31700,7000,5,4
SU-100Y,8,0,15500,5,4
SU-152M,8,32710,12000,5,4
SU-100M1B,8,31000,8500,5,4
IS-6,8,0,11000,5,4
T-44M,8,30200,7700,5,4
KV-4 Bis,8,33600,20000,5,4
ISU-152M,8,34100,12000,5,4
SU-101M,8,35000,8500,5,4
SU-14-2 enhanced,8,27310,15000,5,4
IS-3M,8,31450,10000,5,4
T-54 mod. 1946,8,31700,7700,5,4
SU-122-54M1,8,28150,7700,5,4
T-10,8,27920,10000,5,4
ST-I,8,27900,11000,5,4
212A,8,30600,15000,5,4
Object 704,8,28150,10000,5,4
T-54 mod. 1949,9,62500,7700,5,4
SU-122-54M2,9,63000,7700,5,4
T-10?,9,66500,10000,5,4
ST-I M,9,65000,11000,5,4
212A enhanced,9,59400,15000,5,4
Object 704M,9,62000,10000,5,4
T-62A,10,82500,7800,5,4
Object 140,10,31700,12000,5,4
Object 261,10,36000,22000,5,4
Object 260,10,82500,11000,5,4
Object 268,10,82500,10000,5,4
IS-4,10,61350,11000,5,4
IS-7,10,82500,11000,5,4
M24/25,1,0,800,6,4
Vickers Mk. E Type B,1,340,1880,6,4
M26/27,2,450,800,6,4
T-26-2,2,620,1880,6,4
Type 97,2,1270,4500,6,4
Type 97-Kai,3,1850,4500,6,4
VVSS T36E6,3,1500,3550,6,4
VVSS T55E1,4,4700,3550,6,4
Type T-34,4,2380,7800,6,4
Type T-34M,5,9800,7800,6,4
131,5,7730,4500,6,4
T-34-85,5,7730,7800,6,4
Type 58,6,15600,7800,6,4
131 model 2,6,17300,4500,6,4
WZ-131,6,9500,5500,6,4
Type 64,6,0,7500,6,4
T-34-1,6,7730,7800,6,4
IS-2 early,6,12990,11500,6,4
T-34-1 model 2,7,18600,7800,6,4
WZ-131 model 2,7,18500,5500,6,4
WZ-131-1,7,16500,5500,6,4
T-34-2,7,11690,7800,6,4
IS-2 late,7,19400,11500,6,4
Type 62 A,7,0,5500,6,4
110,7,17780,11500,6,4
T-34-2 model 2,8,34000,7800,6,4
WZ-132,8,32000,5500,6,4
WZ-120,8,31700,7700,6,4
110-1,8,35000,11500,6,4
WZ-111,8,27920,10000,6,4
112,8,0,18000,6,4
T-34-3,8,0,12000,6,4
Type59 A,8,0,7700,6,4
Type 59 G,8,0,7700,6,4
WZ-111 model 2,8,0,10000,6,4
WZ-120 model 3,9,62000,7700,6,4
WZ-111 model 4,9,61000,10000,6,4
121,10,82500,7700,6,4
113,10,61350,10000,6,4
Signal Flags,1,0,1,1,5
SCR 193,2,0,80,1,5
SCR 200,2,180,40,1,5
SCR 210,4,1980,80,1,5
SCR 210,4,0,80,1,5
SCR 510,4,1980,80,1,5
SCR 510 M2,4,0,80,1,5
AN/GRC-3,6,21600,120,1,5
SCR 508,6,21600,100,1,5
SCR 610,6,24600,100,1,5
SCR 538,7,22800,100,1,5
AN/PRC-10,8,22000,12,1,5
SCR 508/1,8,0,100,1,5
Wireless Set No. 19,9,0,110,1,5
SCR 506,9,33600,110,1,5
AN/GRC-7,10,54000,120,1,5
AN/VRC-7,10,54000,100,1,5
AN/VRC-3,10,51600,160,1,5
AN/VRC-12,10,0,70,1,5
SCR 528,10,54000,80,1,5
SCR 528A1,10,0,91,1,5
SCR 528 A,10,54000,91,1,5
AN/PRC-25,10,54000,9,1,5
SCR 528F,10,54000,80,1,5
SCR 619,10,54000,80,1,5
Signal flags,1,0,1,2,5
WS No. 14,2,180,40,2,5
WS No. 11,3,600,40,2,5
WS No. 9,5,3600,40,2,5
WS No. 19 Mk. I,6,15000,40,2,5
WS No. 19 Mk. II,7,21000,40,2,5
WS No. 19 Mk. III,8,22000,40,2,5
WS No. 22,8,25000,40,2,5
WS No. 19 Special,9,0,40,2,5
SR C42,10,54000,40,2,5
SR C45,10,45600,40,2,5
Signal Flags,1,0,1,3,5
FuG 2,2,180,40,3,5
FuG 37,2,180,40,3,5
FuG 5,3,630,50,3,5
FuG 6,4,0,70,3,5
FuG5 mit 20 WS.E.,6,0,50,3,5
FuG f,6,10000,40,3,5
FuG 7,6,8160,70,3,5
FuG 7 Ausf. F,6,0,70,3,5
FuG 10,7,21600,100,3,5
FuG Spr. 1,7,21600,150,3,5
FuG 8,8,24240,50,3,5
FuG 8 (f),8,0,50,3,5
FuG Spr. A,8,27000,150,3,5
FuG 11,9,33600,70,3,5
FuG 12,9,43200,150,3,5
FuG 12A,9,0,150,3,5
AN/GRC-4,9,45500,80,3,5
10WSc,10,51600,160,3,5
SEM 25,10,55000,50,3,5
SEM 25A,10,55000,50,3,5
Signal Flags,1,0,1,4,5
ER 51,3,500,100,4,5
ER 52,3,600,100,4,5
Fu.Spr.Ger. D,3,0,50,4,5
ER 53,5,3650,100,4,5
Fu.Spr.Ger. F,6,0,50,4,5
SCR 508,6,21600,100,4,5
ER 56,7,21600,150,4,5
ER 55,9,44100,150,4,5
SCR 528F,10,54000,80,4,5
SCR 528F,10,0,80,4,5
SCR 619,10,54000,80,4,5
Signal Flags,1,0,1,5,5
71-TK-1,2,180,50,5,5
71-TK-3,3,570,100,5,5
71-TK-3,3,0,100,5,5
SCR 209,4,0,80,5,5
71-TK-3U,4,0,100,5,5
9R,4,1980,80,5,5
10R,5,3660,100,5,5
10R,5,0,100,5,5
9RK,5,3240,80,5,5
Type 9,7,0,100,5,5
10RK,7,18600,100,5,5
10RKM,7,0,100,5,5
9RM,8,24240,100,5,5
9RM,8,0,100,5,5
KRSTB,9,37500,100,5,5
WS No. 19R,9,0,110,5,5
12LL,9,33600,110,5,5
12RT,9,33600,110,5,5
9RS,9,0,100,5,5
R-113,10,52200,80,5,5
R-113M,10,52200,80,5,5
R-123,10,51600,80,5,5
10RK-26,10,51600,160,5,5
10RT-26,10,56500,120,5,5
Signal Flags,1,0,1,6,5
Marconi SB-4a,2,180,50,6,5
Type 94 Hei,2,180,90,6,5
ER-52,3,600,100,6,5
71-TK-3,3,570,50,6,5
9R,4,1980,80,6,5
Type 96 Bo,6,14000,50,6,5
SCR 508,6,21600,91,6,5
9RM,8,24240,100,6,5
SCR 506,8,33600,97,6,5
Type 3 Otsu,8,22000,240,6,5
AN/GRR-5,8,0,34,6,5
A-220,9,0,40,6,5
A-220,9,38000,40,6,5
A-220A,10,54000,40,6,5
A-220B,10,54000,40,6,5
